{
    "train": {
        "Accuracy": 0.9254999756813049,
        "loss": 0.22864781320095062
    },
    "eval": {
        "Accuracy": 0.8862500190734863,
        "loss": 0.44707757234573364
    },
    "step": 9
}
