{
    "train": {
        "Accuracy": 0.9254999756813049,
        "loss": 0.23187261819839478
    },
    "eval": {
        "Accuracy": 0.9037500023841858,
        "loss": 0.3612891733646393
    },
    "step": 9,
    "test_loss": 0.3612891733646393,
    "test_acc": 0.9037500023841858
}
