{
    "train": {
        "Accuracy": 0.9225000143051147,
        "loss": 0.21434269845485687
    },
    "eval": {
        "Accuracy": 0.9024999737739563,
        "loss": 0.36568304896354675
    },
    "step": 9,
    "test_loss": 0.36568301916122437,
    "test_acc": 0.9024999737739563
}
