{
    "train": {
        "Accuracy": 0.9309999942779541,
        "loss": 0.2047351598739624
    },
    "eval": {
        "Accuracy": 0.8924999833106995,
        "loss": 0.4432925283908844
    },
    "step": 9
}
