step	Accuracy
0	0.8687499761581421
1	0.8949999809265137
2	0.8962500095367432
3	0.8887500166893005
4	0.8962500095367432
5	0.8987500071525574
6	0.9087499976158142
7	0.9037500023841858
8	0.9012500047683716
9	0.9037500023841858
