step	Accuracy
0	0.8737499713897705
1	0.8762500286102295
2	0.8712499737739563
3	0.8974999785423279
4	0.8924999833106995
5	0.8787500262260437
6	0.8662499785423279
7	0.8687499761581421
8	0.8787500262260437
9	0.8924999833106995
