step	Accuracy
0	0.8162500262260437
1	0.8224999904632568
2	0.8999999761581421
3	0.8862500190734863
4	0.8887500166893005
5	0.7950000166893005
6	0.9049999713897705
7	0.8737499713897705
8	0.8787500262260437
9	0.9024999737739563
