step	Accuracy
0	0.8687499761581421
1	0.8887500166893005
2	0.8912500143051147
3	0.8924999833106995
4	0.8799999952316284
5	0.9087499976158142
6	0.8712499737739563
7	0.9037500023841858
8	0.887499988079071
9	0.8862500190734863
