step	loss
0	0.3686840832233429
1	0.2959495782852173
2	0.30485957860946655
3	0.2793857157230377
4	0.271243691444397
5	0.31013044714927673
6	0.3939662575721741
7	0.46974486112594604
8	0.35234013199806213
9	0.4432925283908844
