step	loss
0	0.3621203899383545
1	0.27670761942863464
2	0.27488628029823303
3	0.2648307979106903
4	0.24775254726409912
5	0.3298304080963135
6	0.30204641819000244
7	0.3716987371444702
8	0.3716074824333191
9	0.3612891733646393
