step	loss
0	0.4176599979400635
1	0.3579234778881073
2	0.25934094190597534
3	0.29680097103118896
4	0.33305469155311584
5	0.6079202890396118
6	0.2951098382472992
7	0.3588097393512726
8	0.37180987000465393
9	0.36568304896354675
