step	loss
0	0.35060417652130127
1	0.2797958254814148
2	0.30707138776779175
3	0.29603421688079834
4	0.3413184881210327
5	0.2852557599544525
6	0.40299174189567566
7	0.34591880440711975
8	0.4445389211177826
9	0.44707757234573364
