step	Accuracy
0	0.6424999833106995
1	0.809499979019165
2	0.8560000061988831
3	0.871999979019165
4	0.890500009059906
5	0.8934999704360962
6	0.9054999947547913
7	0.9160000085830688
8	0.9185000061988831
9	0.9309999942779541
