step	Accuracy
0	0.6315000057220459
1	0.8019999861717224
2	0.8684999942779541
3	0.8769999742507935
4	0.8970000147819519
5	0.9014999866485596
6	0.9049999713897705
7	0.9179999828338623
8	0.921999990940094
9	0.9254999756813049
