step	Accuracy
0	0.6140000224113464
1	0.8130000233650208
2	0.8675000071525574
3	0.8824999928474426
4	0.8949999809265137
5	0.9004999995231628
6	0.9004999995231628
7	0.9079999923706055
8	0.9194999933242798
9	0.9225000143051147
