step	loss
0	0.9028640985488892
1	0.44806957244873047
2	0.36791738867759705
3	0.33170875906944275
4	0.2952479124069214
5	0.27104541659355164
6	0.24903324246406555
7	0.23120054602622986
8	0.2099664956331253
9	0.22864781320095062
