step	loss
0	0.86159747838974
1	0.44477444887161255
2	0.3691655099391937
3	0.2987790107727051
4	0.30610403418540955
5	0.2922240197658539
6	0.27256640791893005
7	0.24698196351528168
8	0.22636593878269196
9	0.21434269845485687
