step	loss
0	0.8290842771530151
1	0.43340250849723816
2	0.34649160504341125
3	0.3202108144760132
4	0.27046114206314087
5	0.2712480425834656
6	0.24897073209285736
7	0.2277871072292328
8	0.22650858759880066
9	0.23187261819839478
